Peptide,-10lgP,Mass,ppm,m/z,RT,Scan,Accession,PTM
C(+57.02)C(+57.02)AAADPHEC(+57.02)YAK,25.23,1551.5905,-1.8,518.2032,13.41,399,ALBU_HUMAN_UPS,Carbamidomethylation
C(+57.02)C(+57.02)AAADPHEC(+57.02)YAK,26.73,1551.5905,1.9,518.2051,13.51,403,ALBU_HUMAN_UPS,Carbamidomethylation
INDISHTQSVSSK,24.82,1414.7052,0.1,472.5757,13.52,404,LEP_HUMAN_UPS,
INDISHTQSVSSK,30.46,1414.7052,-1.8,472.5748,13.65,409,LEP_HUMAN_UPS,
LDELRDEGK,29.88,1073.5353,0.6,358.8526,14.12,423,ALBU_HUMAN_UPS,
LDELRDEGK,34.94,1073.5353,1.5,358.8529,14.15,425,ALBU_HUMAN_UPS,
LDELRDEGK,37.52,1073.5353,-0.7,537.7745,14.17,426,ALBU_HUMAN_UPS,
LDELRDEGK,28.35,1073.5353,-1.8,537.7739,14.19,428,ALBU_HUMAN_UPS,
ADDKETC(+57.02)FAEEGKK,23.1,1626.7195,1.8,407.6879,14.32,433,ALBU_HUMAN_UPS,Carbamidomethylation
ADDKETC(+57.02)FAEEGKK,22.9,1626.7195,1.4,407.6877,14.35,435,ALBU_HUMAN_UPS,Carbamidomethylation
ADDKETC(+57.02)FAEEGKK,33.28,1626.7195,-0.4,543.2469,14.45,439,ALBU_HUMAN_UPS,Carbamidomethylation
ADDKETC(+57.02)FAEEGKK,43.54,1626.7195,-0.1,543.2471,14.48,441,ALBU_HUMAN_UPS,Carbamidomethylation
C(+57.02)C(+57.02)AAADPHEC(+57.02)YAK,28.62,1551.5905,-0.7,518.2037,15.04,457,ALBU_HUMAN_UPS,Carbamidomethylation
C(+57.02)C(+57.02)AAADPHEC(+57.02)YAK,32.65,1551.5905,-0.8,518.2037,15.07,459,ALBU_HUMAN_UPS,Carbamidomethylation
INDISHTQSVSSK,23.28,1414.7052,-0.5,472.5754,15.2,464,LEP_HUMAN_UPS,
INDISHTQSVSSK,26.88,1414.7052,0.3,472.5758,15.23,466,LEP_HUMAN_UPS,
IQDKEGIPPDQQR,27.83,1522.7739,0.3,508.5987,15.63,478,UBIQ_HUMAN_UPS,
LDELRDEGK,32.66,1073.5353,0,537.7749,15.73,482,ALBU_HUMAN_UPS,
MVPIQK,24.68,714.4098,1.5,358.2127,15.97,491,LEP_HUMAN_UPS,
ADDKETC(+57.02)FAEEGKK,20.09,1626.7195,0.7,407.6874,16.03,494,ALBU_HUMAN_UPS,Carbamidomethylation
ADDKETC(+57.02)FAEEGKK,26.01,1626.7195,-2.5,543.2457,16.25,501,ALBU_HUMAN_UPS,Carbamidomethylation
ADDKETC(+57.02)FAEEGKK,26.99,1626.7195,-2.1,543.246,16.46,508,ALBU_HUMAN_UPS,Carbamidomethylation
YGDFGK,32.26,685.3071,-0.1,343.6608,16.52,511,CAH2_HUMAN_UPS,
YGDFGK,29.5,685.3071,1.7,343.6614,16.55,513,CAH2_HUMAN_UPS,
LDELRDEGK,30.39,1073.5353,-0.3,537.7748,16.58,515,ALBU_HUMAN_UPS,
C(+57.02)C(+57.02)AAADPHEC(+57.02)YAK,27.55,1551.5905,0.1,518.2042,16.65,518,ALBU_HUMAN_UPS,Carbamidomethylation
C(+57.02)C(+57.02)AAADPHEC(+57.02)YAK,25.59,1551.5905,-1.3,518.2034,16.67,520,ALBU_HUMAN_UPS,Carbamidomethylation
LSQRFPK,24.39,874.5024,0.9,438.2589,16.69,521,ALBU_HUMAN_UPS,
LSQRFPK,29.97,874.5024,0.9,438.2589,16.71,523,ALBU_HUMAN_UPS,
DDNPNLPR,44.78,939.441,-1.1,470.7273,16.85,528,ALBU_HUMAN_UPS,
INDISHTQSVSSK,25.42,1414.7052,-0.2,472.5756,16.87,530,LEP_HUMAN_UPS,
DDNPNLPR,44.79,939.441,0.2,470.7278,16.98,534,ALBU_HUMAN_UPS,
IQDKEGIPPDQQR,22.74,1522.7739,-2,508.5976,17.3,545,UBIQ_HUMAN_UPS,
INDISHTQSVSSK,24.72,1414.7052,-4.3,472.5736,17.62,555,LEP_HUMAN_UPS,
YGDFGK,24.07,685.3071,3.7,343.6621,18.3,576,CAH2_HUMAN_UPS,
C(+57.02)C(+57.02)AAADPHEC(+57.02)YAK,25.92,1551.5905,2.7,518.2055,18.42,582,ALBU_HUMAN_UPS,Carbamidomethylation
C(+57.02)C(+57.02)AAADPHEC(+57.02)YAK,24.33,1551.5905,2.8,518.2056,18.72,594,ALBU_HUMAN_UPS,Carbamidomethylation
C(+57.02)C(+57.02)TESLVNR,50.59,1137.4907,-0.2,569.7525,19.34,615,ALBU_HUMAN_UPS,Carbamidomethylation
C(+57.02)C(+57.02)TESLVNR,48.99,1137.4907,0.9,569.7532,19.36,617,ALBU_HUMAN_UPS,Carbamidomethylation
AAFTEC(+57.02)C(+57.02)QAADK,50.09,1370.5594,0.2,686.2871,19.39,619,ALBU_HUMAN_UPS,Carbamidomethylation
AAFTEC(+57.02)C(+57.02)QAADK,45.07,1370.5594,-1.1,686.2863,19.42,621,ALBU_HUMAN_UPS,Carbamidomethylation
AEFAEVSK,40.47,879.4338,0.9,440.7246,19.85,634,ALBU_HUMAN_UPS,
AEFAEVSK,37.06,879.4338,1.9,440.725,19.88,636,ALBU_HUMAN_UPS,
TYETTLEK,34.61,983.4811,0.5,492.7481,20.05,642,ALBU_HUMAN_UPS,
TYETTLEK,39.81,983.4811,0.4,492.748,20.08,644,ALBU_HUMAN_UPS,
YSSLAEAASK,44.59,1025.5029,-1.5,513.758,20.11,646,CAH1_HUMAN_UPS,
YSSLAEAASK,48.84,1025.5029,-1.3,513.7581,20.14,649,CAH1_HUMAN_UPS,
YIC(+57.02)ENQDSISSK,62.84,1442.6348,1.5,722.3257,20.83,671,ALBU_HUMAN_UPS,Carbamidomethylation
YIC(+57.02)ENQDSISSK,64.42,1442.6348,0,722.3246,20.86,673,ALBU_HUMAN_UPS,Carbamidomethylation
C(+57.02)C(+57.02)TESLVNR,54.95,1137.4907,-0.1,569.7526,20.89,676,ALBU_HUMAN_UPS,Carbamidomethylation
C(+57.02)C(+57.02)TESLVNR,50.58,1137.4907,1.1,569.7532,20.92,678,ALBU_HUMAN_UPS,Carbamidomethylation
AAFTEC(+57.02)C(+57.02)QAADK,53.99,1370.5594,0.5,686.2874,20.95,680,ALBU_HUMAN_UPS,Carbamidomethylation
AAFTEC(+57.02)C(+57.02)QAADK,50.01,1370.5594,1.1,686.2877,20.98,683,ALBU_HUMAN_UPS,Carbamidomethylation
C(+57.02)C(+57.02)AAADPHEC(+57.02)YAK,23.87,1551.5905,0.8,518.2045,21.24,695,ALBU_HUMAN_UPS,Carbamidomethylation
QSPVDIDTHTAK,28.18,1310.6466,1.2,437.89,21.35,699,CAH2_HUMAN_UPS,
AEFAEVSK,43.65,879.4338,1.1,440.7246,21.41,702,ALBU_HUMAN_UPS,
QSPVDIDTHTAK,40.08,1310.6466,0.9,437.8899,21.42,703,CAH2_HUMAN_UPS,
AEFAEVSK,42.97,879.4338,0.2,440.7243,21.44,705,ALBU_HUMAN_UPS,
QSPVDIDTHTAK,27.89,1310.6466,-2,656.3293,21.54,709,CAH2_HUMAN_UPS,
QSPVDIDTHTAK,26.57,1310.6466,-0.4,656.3303,21.57,711,CAH2_HUMAN_UPS,
TYETTLEK,40.5,983.4811,0.4,492.748,21.6,713,ALBU_HUMAN_UPS,
TYETTLEK,38.5,983.4811,-0.2,492.7477,21.63,715,ALBU_HUMAN_UPS,
YSSLAEAASK,42.27,1025.5029,-0.3,513.7586,21.66,717,CAH1_HUMAN_UPS,
YSSLAEAASK,43.52,1025.5029,-0.4,513.7585,21.76,721,CAH1_HUMAN_UPS,
C(+57.02)C(+57.02)YDGAC(+57.02)VNNDETC(+57.02)EQR,66.06,2149.7559,4.4,1075.8899,22.05,730,CO5_HUMAN_UPS,Carbamidomethylation
C(+57.02)C(+57.02)YDGAC(+57.02)VNNDETC(+57.02)EQR,58.55,2149.7559,1.9,717.5939,22.14,735,CO5_HUMAN_UPS,Carbamidomethylation
C(+57.02)C(+57.02)YDGAC(+57.02)VNNDETC(+57.02)EQR,71.05,2149.7559,3,1075.8884,22.17,738,CO5_HUMAN_UPS,Carbamidomethylation
C(+57.02)C(+57.02)YDGAC(+57.02)VNNDETC(+57.02)EQR,57.75,2149.7559,2.4,717.5943,22.2,740,CO5_HUMAN_UPS,Carbamidomethylation
YIC(+57.02)ENQDSISSK,66.37,1442.6348,1.2,722.3255,22.37,747,ALBU_HUMAN_UPS,Carbamidomethylation
YIC(+57.02)ENQDSISSK,64,1442.6348,0.6,722.3251,22.4,749,ALBU_HUMAN_UPS,Carbamidomethylation
C(+57.02)C(+57.02)TESLVNR,50.98,1137.4907,0.6,569.753,22.44,752,ALBU_HUMAN_UPS,Carbamidomethylation
C(+57.02)C(+57.02)TESLVNR,51.69,1137.4907,2,569.7538,22.47,754,ALBU_HUMAN_UPS,Carbamidomethylation
AAFTEC(+57.02)C(+57.02)QAADK,49.26,1370.5594,0.4,686.2873,22.51,757,ALBU_HUMAN_UPS,Carbamidomethylation
AAFTEC(+57.02)C(+57.02)QAADK,46.08,1370.5594,-0.3,686.2868,22.53,759,ALBU_HUMAN_UPS,Carbamidomethylation
QSPVDIDTHTAK,23.67,1310.6466,0.5,437.8897,22.93,772,CAH2_HUMAN_UPS,
AEFAEVSK,40.1,879.4338,0.7,440.7245,22.96,774,ALBU_HUMAN_UPS,
QSPVDIDTHTAK,30.54,1310.6466,0.5,437.8897,22.97,775,CAH2_HUMAN_UPS,
AEFAEVSK,43.95,879.4338,0.4,440.7243,22.99,777,ALBU_HUMAN_UPS,
TYETTLEK,36.23,983.4811,0.2,492.748,23.16,783,ALBU_HUMAN_UPS,
TYETTLEK,34.7,983.4811,-0.9,492.7474,23.22,786,ALBU_HUMAN_UPS,
LVTDLTK,22.57,788.4644,1.9,395.2402,23.33,790,ALBU_HUMAN_UPS,
LVTDLTK,23.45,788.4644,1.4,395.24,23.36,792,ALBU_HUMAN_UPS,
LKEC(+57.02)C(+57.02)EKPLLEK,20.32,1545.7894,-2.3,516.2692,23.54,800,ALBU_HUMAN_UPS,Carbamidomethylation
LKEC(+57.02)C(+57.02)EKPLLEK,31.7,1545.7894,0.2,516.2705,23.66,806,ALBU_HUMAN_UPS,Carbamidomethylation
NLSVEDAAR,27.22,973.4828,-3.4,487.747,23.7,809,CATA_HUMAN_UPS,
NLSVEDAAR,24.8,973.4828,-5.2,487.7462,23.76,812,CATA_HUMAN_UPS,
YIC(+57.02)ENQDSISSK,65.58,1442.6348,1,722.3254,23.92,819,ALBU_HUMAN_UPS,Carbamidomethylation
YIC(+57.02)ENQDSISSK,62.63,1442.6348,2.6,722.3265,23.95,821,ALBU_HUMAN_UPS,Carbamidomethylation
C(+57.02)C(+57.02)TESLVNR,51.68,1137.4907,-0.7,569.7523,24.02,824,ALBU_HUMAN_UPS,Carbamidomethylation
C(+57.02)C(+57.02)TESLVNR,48.63,1137.4907,-1.3,569.7519,24.05,827,ALBU_HUMAN_UPS,Carbamidomethylation
AWAVAR,32.23,672.3707,1,337.193,24.07,829,ALBU_HUMAN_UPS,
AWAVAR,37.97,672.3707,1,337.193,24.1,832,ALBU_HUMAN_UPS,
AAFTEC(+57.02)C(+57.02)QAADK,40.47,1370.5594,2.2,686.2885,24.19,838,ALBU_HUMAN_UPS,Carbamidomethylation
AAFTEC(+57.02)C(+57.02)QAADK,42.78,1370.5594,0.2,686.2871,24.24,842,ALBU_HUMAN_UPS,Carbamidomethylation
AEFAEVSK,40.91,879.4338,0.7,440.7245,24.49,850,ALBU_HUMAN_UPS,
AEFAEVSK,38.68,879.4338,1.8,440.725,24.53,852,ALBU_HUMAN_UPS,
TYETTLEK,35.66,983.4811,-2.4,492.7466,24.78,861,ALBU_HUMAN_UPS,
LVTDLTK,32.97,788.4644,0.8,395.2398,24.87,866,ALBU_HUMAN_UPS,
TYETTLEK,33.92,983.4811,-0.6,492.7476,24.88,867,ALBU_HUMAN_UPS,
LVTDLTK,37.56,788.4644,0.4,395.2396,24.9,869,ALBU_HUMAN_UPS,
LKEC(+57.02)C(+57.02)EKPLLEK,29.14,1545.7894,0.8,387.4549,25.08,875,ALBU_HUMAN_UPS,Carbamidomethylation
LKEC(+57.02)C(+57.02)EKPLLEK,32.98,1545.7894,-0.9,516.27,25.17,880,ALBU_HUMAN_UPS,Carbamidomethylation
LKEC(+57.02)C(+57.02)EKPLLEK,35.01,1545.7894,-0.7,516.2701,25.2,882,ALBU_HUMAN_UPS,Carbamidomethylation
YIC(+57.02)ENQDSISSK,59.2,1442.6348,2.2,722.3262,25.45,890,ALBU_HUMAN_UPS,Carbamidomethylation
YIC(+57.02)ENQDSISSK,58.63,1442.6348,1.5,722.3257,25.48,892,ALBU_HUMAN_UPS,Carbamidomethylation
LVNANGEAVYC(+57.02)K,53.4,1336.6445,0.3,669.3298,25.64,900,CATA_HUMAN_UPS,Carbamidomethylation
LVNANGEAVYC(+57.02)K,56.61,1336.6445,-1.4,669.3286,25.68,903,CATA_HUMAN_UPS,Carbamidomethylation
C(+57.02)C(+57.02)TESLVNR,47.46,1137.4907,0.5,569.7529,25.74,906,ALBU_HUMAN_UPS,Carbamidomethylation
QSPVDIDTHTAK,29.53,1310.6466,-3,437.8882,26.14,923,CAH2_HUMAN_UPS,
AAFTEC(+57.02)C(+57.02)QAADK,44.92,1370.5594,-2.6,686.2852,26.17,925,ALBU_HUMAN_UPS,Carbamidomethylation
QSPVDIDTHTAK,22.5,1310.6466,1.5,437.8901,26.18,926,CAH2_HUMAN_UPS,
ETYGEMADC(+57.02)C(+57.02)AK,58.12,1433.5261,1,717.7711,26.39,933,ALBU_HUMAN_UPS,Carbamidomethylation
AEFAEVSK,38.17,879.4338,1.2,440.7247,26.4,934,ALBU_HUMAN_UPS,
ETYGEMADC(+57.02)C(+57.02)AK,57.04,1433.5261,0.3,717.7706,26.42,936,ALBU_HUMAN_UPS,Carbamidomethylation
LVTDLTK,34.91,788.4644,1.4,395.24,26.43,937,ALBU_HUMAN_UPS,
LVTDLTK,32.93,788.4644,0.5,395.2397,26.46,940,ALBU_HUMAN_UPS,
AEFAEVSK,28.76,879.4338,-1.6,440.7234,26.51,944,ALBU_HUMAN_UPS,
TYETTLEK,34.74,983.4811,1.8,492.7487,26.57,947,ALBU_HUMAN_UPS,
LKEC(+57.02)C(+57.02)EKPLLEK,34.15,1545.7894,0.7,387.4549,26.64,950,ALBU_HUMAN_UPS,Carbamidomethylation
LKEC(+57.02)C(+57.02)EKPLLEK,25.35,1545.7894,0.7,387.4549,26.67,952,ALBU_HUMAN_UPS,Carbamidomethylation
LKEC(+57.02)C(+57.02)EKPLLEK,29.04,1545.7894,0.8,516.2708,26.73,955,ALBU_HUMAN_UPS,Carbamidomethylation
LKEC(+57.02)C(+57.02)EKPLLEK,29.22,1545.7894,0.1,516.2704,26.76,957,ALBU_HUMAN_UPS,Carbamidomethylation
TYETTLEK,34.66,983.4811,1,492.7483,26.83,960,ALBU_HUMAN_UPS,
GGPLDGTYR,45.6,934.4508,0.4,468.2328,26.85,962,CAH2_HUMAN_UPS,
YKAAFTEC(+57.02)C(+57.02)QAADK,51.39,1661.7178,-0.2,554.9131,26.87,964,ALBU_HUMAN_UPS,Carbamidomethylation
GGPLDGTYR,49.67,934.4508,0.3,468.2328,26.88,965,CAH2_HUMAN_UPS,
YKAAFTEC(+57.02)C(+57.02)QAADK,48.52,1661.7178,0.7,554.9136,26.9,967,ALBU_HUMAN_UPS,Carbamidomethylation
YIC(+57.02)ENQDSISSK,48.64,1442.6348,4.6,722.3279,27,971,ALBU_HUMAN_UPS,Carbamidomethylation
YIC(+57.02)ENQDSISSK,56.98,1442.6348,0.5,722.325,27.03,973,ALBU_HUMAN_UPS,Carbamidomethylation
C(+57.02)C(+57.02)TESLVNR,42.73,1137.4907,2.4,569.754,27.33,985,ALBU_HUMAN_UPS,Carbamidomethylation
C(+57.02)C(+57.02)TESLVNR,43.85,1137.4907,2.9,569.7543,27.39,988,ALBU_HUMAN_UPS,Carbamidomethylation
ETYGEMADC(+57.02)C(+57.02)AK,51.38,1433.5261,2,717.7718,27.93,1005,ALBU_HUMAN_UPS,Carbamidomethylation
LVTDLTK,27.03,788.4644,0.9,395.2398,27.95,1007,ALBU_HUMAN_UPS,
ETYGEMADC(+57.02)C(+57.02)AK,51.22,1433.5261,1.1,717.7711,27.96,1008,ALBU_HUMAN_UPS,Carbamidomethylation
LVTDLTK,28.32,788.4644,1.1,395.2399,27.98,1010,ALBU_HUMAN_UPS,
AEFAEVSK,33.11,879.4338,-2.7,440.723,28.01,1012,ALBU_HUMAN_UPS,
AEFAEVSK,31.7,879.4338,-1.4,440.7235,28.04,1014,ALBU_HUMAN_UPS,
LKEC(+57.02)C(+57.02)EKPLLEK,23.53,1545.7894,3.7,387.4561,28.22,1020,ALBU_HUMAN_UPS,Carbamidomethylation
LKEC(+57.02)C(+57.02)EKPLLEK,21.46,1545.7894,0.2,387.4547,28.25,1022,ALBU_HUMAN_UPS,Carbamidomethylation
GGPLDGTYR,48.31,934.4508,-0.1,468.2326,28.38,1028,CAH2_HUMAN_UPS,
GGPLDGTYR,47.04,934.4508,-0.3,468.2325,28.41,1030,CAH2_HUMAN_UPS,
YKAAFTEC(+57.02)C(+57.02)QAADK,30.82,1661.7178,4.5,554.9157,28.43,1032,ALBU_HUMAN_UPS,Carbamidomethylation
YKAAFTEC(+57.02)C(+57.02)QAADK,38.86,1661.7178,0,554.9132,28.46,1034,ALBU_HUMAN_UPS,Carbamidomethylation
LKEC(+57.02)C(+57.02)EKPLLEK,24.43,1545.7894,-1,516.2699,28.54,1038,ALBU_HUMAN_UPS,Carbamidomethylation
YIC(+57.02)ENQDSISSK,61,1442.6348,-0.2,722.3245,28.65,1045,ALBU_HUMAN_UPS,Carbamidomethylation
YIC(+57.02)ENQDSISSK,59.44,1442.6348,-0.1,722.3246,28.68,1047,ALBU_HUMAN_UPS,Carbamidomethylation
C(+57.02)C(+57.02)TESLVNR,44.74,1137.4907,-0.9,569.7521,28.94,1061,ALBU_HUMAN_UPS,Carbamidomethylation
C(+57.02)C(+57.02)TESLVNR,51.29,1137.4907,-1.7,569.7516,29.11,1067,ALBU_HUMAN_UPS,Carbamidomethylation
TLSDYNIQK,35.53,1080.5452,-0.4,541.2797,29.32,1074,UBIQ_HUMAN_UPS,
TLSDYNIQK,29.05,1080.5452,-3.8,541.2778,29.34,1076,UBIQ_HUMAN_UPS,
HPGDFGADAQGAMNK,42.41,1514.6572,-0.1,505.8929,29.48,1081,MYG_HUMAN_UPS,
ETYGEMADC(+57.02)C(+57.02)AK,44.26,1433.5261,2.4,717.772,29.49,1082,ALBU_HUMAN_UPS,Carbamidomethylation
LVTDLTK,23.61,788.4644,0.5,395.2397,29.51,1084,ALBU_HUMAN_UPS,
ETYGEMADC(+57.02)C(+57.02)AK,50.4,1433.5261,-0.1,717.7703,29.52,1085,ALBU_HUMAN_UPS,Carbamidomethylation
LVTDLTK,32.19,788.4644,0,395.2395,29.54,1087,ALBU_HUMAN_UPS,
HPGDFGADAQGAMNK,49.31,1514.6572,0.4,505.8932,29.55,1088,MYG_HUMAN_UPS,
AAC(+57.02)LLPK,41.21,771.4313,0.7,386.7232,29.79,1096,ALBU_HUMAN_UPS,Carbamidomethylation
AAC(+57.02)LLPK,38.26,771.4313,0.8,386.7232,29.89,1100,ALBU_HUMAN_UPS,Carbamidomethylation
GGPLDGTYR,48.79,934.4508,-0.4,468.2325,29.92,1102,CAH2_HUMAN_UPS,
GGPLDGTYR,46.02,934.4508,2.1,468.2336,29.98,1105,CAH2_HUMAN_UPS,
FNTANDDNVTQVR,60.55,1492.6907,3.7,747.3554,30.01,1107,CATA_HUMAN_UPS,
TYETTLEK,33.23,983.4811,-0.3,492.7477,30.02,1108,ALBU_HUMAN_UPS,
DFPIAK,29.44,689.3748,1.5,345.6952,30.42,1124,CAH2_HUMAN_UPS,
DFPIAK,24.13,689.3748,1.6,345.6952,30.44,1126,CAH2_HUMAN_UPS,
C(+57.02)C(+57.02)TESLVNR,43.73,1137.4907,0.2,569.7527,30.73,1139,ALBU_HUMAN_UPS,Carbamidomethylation
LVTDLTK,26.14,788.4644,0.5,395.2397,31.07,1151,ALBU_HUMAN_UPS,
LVTDLTK,34.55,788.4644,-0.3,395.2393,31.12,1155,ALBU_HUMAN_UPS,
AEFAEVSK,35.98,879.4338,-0.3,440.724,31.22,1160,ALBU_HUMAN_UPS,
YIC(+57.02)ENQDSISSK,53.37,1442.6348,-3,722.3225,31.31,1164,ALBU_HUMAN_UPS,Carbamidomethylation
ETYGEMADC(+57.02)C(+57.02)AK,44.29,1433.5261,1.5,717.7714,31.34,1167,ALBU_HUMAN_UPS,Carbamidomethylation
YIC(+57.02)ENQDSISSK,57.31,1442.6348,0.9,722.3253,31.36,1168,ALBU_HUMAN_UPS,Carbamidomethylation
TLSDYNIQK,22.48,1080.5452,1.4,541.2806,31.38,1170,UBIQ_HUMAN_UPS,
AEFAEVSK,22.33,879.4338,-4.5,440.7222,31.44,1173,ALBU_HUMAN_UPS,
AAC(+57.02)LLPK,38.69,771.4313,1.5,386.7235,31.5,1176,ALBU_HUMAN_UPS,Carbamidomethylation
GGPLDGTYR,39.22,934.4508,-3.6,468.231,31.51,1177,CAH2_HUMAN_UPS,
GGPLDGTYR,39.76,934.4508,-4.1,468.2308,31.54,1180,CAH2_HUMAN_UPS,
AAC(+57.02)LLPK,37.83,771.4313,0.8,386.7232,31.66,1186,ALBU_HUMAN_UPS,Carbamidomethylation
DFPIAK,26.72,689.3748,1.3,345.6951,31.96,1198,CAH2_HUMAN_UPS,
DFPIAK,24.25,689.3748,0.4,345.6948,31.99,1200,CAH2_HUMAN_UPS,
TYETTLEK,30.69,983.4811,-1.3,492.7472,32.12,1208,ALBU_HUMAN_UPS,
FSTVAGESGSADTVRDPR,37.63,1850.8759,3.1,617.9678,32.36,1216,CATA_HUMAN_UPS,
FSTVAGESGSADTVRDPR,28.75,1850.8759,3.2,617.9679,32.42,1219,CATA_HUMAN_UPS,
LVTDLTK,28.13,788.4644,0,395.2395,32.63,1226,ALBU_HUMAN_UPS,
LVTDLTK,29.73,788.4644,2.1,395.2403,32.66,1228,ALBU_HUMAN_UPS,
C(+57.02)C(+57.02)TESLVNR,36.99,1137.4907,-2.4,569.7513,32.68,1230,ALBU_HUMAN_UPS,Carbamidomethylation
VDPVNFK,22.61,817.4333,1,409.7244,32.71,1232,HBA_HUMAN_UPS,
C(+57.02)C(+57.02)TESLVNR,47.53,1137.4907,-1.1,569.752,32.72,1233,ALBU_HUMAN_UPS,Carbamidomethylation
VDPVNFK,28.39,817.4333,0.6,409.7242,32.78,1236,HBA_HUMAN_UPS,
GGPLDGTYR,40.51,934.4508,-1.7,468.2319,33.2,1249,CAH2_HUMAN_UPS,
GGPLDGTYR,39.31,934.4508,1.5,468.2334,33.22,1251,CAH2_HUMAN_UPS,
AAC(+57.02)LLPK,38.29,771.4313,1.2,386.7234,33.29,1254,ALBU_HUMAN_UPS,Carbamidomethylation
AAC(+57.02)LLPK,39.79,771.4313,0.9,386.7233,33.35,1257,ALBU_HUMAN_UPS,Carbamidomethylation
FSTVAGESGSADTVRDPR,42.34,1850.8759,1.7,617.9669,34.01,1284,CATA_HUMAN_UPS,
FSTVAGESGSADTVRDPR,45.08,1850.8759,0.7,617.9663,34.07,1287,CATA_HUMAN_UPS,
YKAAFTEC(+57.02)C(+57.02)QAADK,30.68,1661.7178,-2.4,554.9119,34.09,1288,ALBU_HUMAN_UPS,Carbamidomethylation
YKAAFTEC(+57.02)C(+57.02)QAADK,25.61,1661.7178,-0.4,554.913,34.15,1291,ALBU_HUMAN_UPS,Carbamidomethylation
LVTDLTK,30.05,788.4644,1.3,395.24,34.18,1293,ALBU_HUMAN_UPS,
GGPFSDSYR,45.92,984.4301,0.5,493.2225,34.19,1294,CAH1_HUMAN_UPS,
LVTDLTK,29.48,788.4644,0.4,395.2396,34.21,1296,ALBU_HUMAN_UPS,
YIC(+57.02)ENQDSISSK,50.43,1442.6348,0.7,722.3251,34.22,1297,ALBU_HUMAN_UPS,Carbamidomethylation
YIC(+57.02)ENQDSISSK,54.37,1442.6348,-0.4,722.3243,34.31,1301,ALBU_HUMAN_UPS,Carbamidomethylation
LIFAGK,24.9,647.4006,0.9,324.7079,34.68,1314,UBIQ_HUMAN_UPS,
LC(+57.02)TVATLR,41.32,932.5114,-0.4,467.2628,34.74,1317,ALBU_HUMAN_UPS,Carbamidomethylation
LC(+57.02)TVATLR,39.98,932.5114,-0.3,467.2628,34.77,1319,ALBU_HUMAN_UPS,Carbamidomethylation
LIFAGK,25.97,647.4006,1,324.7079,34.84,1325,UBIQ_HUMAN_UPS,
AAC(+57.02)LLPK,37.3,771.4313,0.8,386.7232,34.92,1329,ALBU_HUMAN_UPS,Carbamidomethylation
C(+57.02)C(+57.02)YDGAC(+57.02)VNNDETC(+57.02)EQR,44.48,2149.7559,5.6,1075.8912,34.99,1336,CO5_HUMAN_UPS,Carbamidomethylation
C(+57.02)C(+57.02)YDGAC(+57.02)VNNDETC(+57.02)EQR,45.06,2149.7559,1.7,1075.8871,35.02,1339,CO5_HUMAN_UPS,Carbamidomethylation
AAC(+57.02)LLPK,29.91,771.4313,1.6,386.7235,35.03,1340,ALBU_HUMAN_UPS,Carbamidomethylation
LSQEDPDYGIR,45,1291.6044,-8.2,646.8041,35.08,1343,CATA_HUMAN_UPS,
LSQEDPDYGIR,53.9,1291.6044,-0.4,646.8092,35.11,1345,CATA_HUMAN_UPS,
FSTVAGESGSADTVRDPR,27.21,1850.8759,1,617.9665,35.38,1359,CATA_HUMAN_UPS,
GGPFSDSYR,51.53,984.4301,2.7,493.2236,35.71,1371,CAH1_HUMAN_UPS,
GGPFSDSYR,51.21,984.4301,0.5,493.2226,35.74,1373,CAH1_HUMAN_UPS,
LVTDLTK,21.92,788.4644,1.7,395.2401,35.75,1374,ALBU_HUMAN_UPS,
LVTDLTK,26.11,788.4644,1.5,395.2401,35.77,1376,ALBU_HUMAN_UPS,
LC(+57.02)TVATLR,35.67,932.5114,1.3,467.2636,36.33,1394,ALBU_HUMAN_UPS,Carbamidomethylation
LC(+57.02)TVATLR,32.98,932.5114,-1.9,467.2621,36.42,1399,ALBU_HUMAN_UPS,Carbamidomethylation
C(+57.02)C(+57.02)YDGAC(+57.02)VNNDETC(+57.02)EQR,45.93,2149.7559,1.2,1075.8865,36.55,1410,CO5_HUMAN_UPS,Carbamidomethylation
LC(+57.02)ENIAGHLK,28.36,1153.5913,2.6,385.5387,36.56,1411,CATA_HUMAN_UPS,Carbamidomethylation
C(+57.02)C(+57.02)YDGAC(+57.02)VNNDETC(+57.02)EQR,35.69,2149.7559,3.3,1075.8888,36.62,1415,CO5_HUMAN_UPS,Carbamidomethylation
VGAHAGEYGAEALER,53.96,1528.7269,0.6,510.5832,36.75,1420,HBA_HUMAN_UPS,
VGAHAGEYGAEALER,53.91,1528.7269,-1.5,510.5822,36.78,1422,HBA_HUMAN_UPS,
AAC(+57.02)LLPK,30.54,771.4313,2.6,386.7239,36.84,1425,ALBU_HUMAN_UPS,Carbamidomethylation
VGAHAGEYGAEALER,66.24,1528.7269,2.8,765.3729,37,1432,HBA_HUMAN_UPS,
VGAHAGEYGAEALER,67.2,1528.7269,-2.4,765.3689,37.03,1434,HBA_HUMAN_UPS,
GGPFSDSYR,43.74,984.4301,-1.1,493.2218,37.47,1458,CAH1_HUMAN_UPS,
GGPFSDSYR,43.71,984.4301,0.6,493.2226,37.5,1460,CAH1_HUMAN_UPS,
LC(+57.02)TVATLR,23.81,932.5114,0.7,467.2633,38.01,1477,ALBU_HUMAN_UPS,Carbamidomethylation
VHTEC(+57.02)C(+57.02)HGDLLEC(+57.02)ADDR,32.01,2085.8303,-0.6,522.4645,38.23,1494,ALBU_HUMAN_UPS,Carbamidomethylation
VGAHAGEYGAEALER,60.48,1528.7269,-1.1,510.5823,38.29,1498,HBA_HUMAN_UPS,
VHTEC(+57.02)C(+57.02)HGDLLEC(+57.02)ADDR,45.01,2085.8303,3.3,696.2864,38.3,1499,ALBU_HUMAN_UPS,Carbamidomethylation
VHTEC(+57.02)C(+57.02)HGDLLEC(+57.02)ADDR,26.42,2085.8303,-0.7,522.4645,38.32,1501,ALBU_HUMAN_UPS,Carbamidomethylation
VGAHAGEYGAEALER,59.38,1528.7269,-0.9,510.5825,38.33,1502,HBA_HUMAN_UPS,
VHTEC(+57.02)C(+57.02)HGDLLEC(+57.02)ADDR,46.63,2085.8303,0.8,696.2846,38.34,1503,ALBU_HUMAN_UPS,Carbamidomethylation
VVAGVANALAHK,25.74,1148.6665,0.1,383.8961,38.36,1505,HBB_HUMAN_UPS,
VVAGVANALAHK,45.26,1148.6665,-2.8,575.3389,38.37,1506,HBB_HUMAN_UPS,
VVAGVANALAHK,25.21,1148.6665,1.5,383.8967,38.5,1511,HBB_HUMAN_UPS,
LC(+57.02)TVATLR,28.2,932.5114,0.2,467.2631,38.51,1512,ALBU_HUMAN_UPS,Carbamidomethylation
AAC(+57.02)LLPK,21.14,771.4313,2.5,386.7239,38.52,1514,ALBU_HUMAN_UPS,Carbamidomethylation
VVAGVANALAHK,48.95,1148.6665,1.3,575.3412,38.59,1517,HBB_HUMAN_UPS,
VGAHAGEYGAEALER,57.69,1528.7269,-1.1,510.5824,39.86,1576,HBA_HUMAN_UPS,
VGAHAGEYGAEALER,50.79,1528.7269,-1.1,510.5824,39.88,1578,HBA_HUMAN_UPS,
DAQIFIQK,30.41,961.5233,-3,481.7675,40.27,1594,CATA_HUMAN_UPS,
AAC(+57.02)LLPK,24.09,771.4313,-3.1,386.7217,41,1618,ALBU_HUMAN_UPS,Carbamidomethylation
LFAYPDTHR,39.23,1118.5509,0.4,373.8577,41.52,1637,CATA_HUMAN_UPS,
LFAYPDTHR,37.84,1118.5509,1.6,373.8582,41.62,1642,CATA_HUMAN_UPS,
ATAVMPDGQFK,42.15,1163.5645,0,582.7895,43.16,1689,PRDX1_HUMAN_UPS,
ATAVMPDGQFK,47.28,1163.5645,0.9,582.79,43.3,1694,PRDX1_HUMAN_UPS,
YLYEIARR,24.46,1082.5873,1.2,542.3016,44.73,1742,ALBU_HUMAN_UPS,
QEPERNEC(+57.02)FLQHKDDNPNLPR,41.8,2635.2197,-0.3,659.812,44.97,1757,ALBU_HUMAN_UPS,Carbamidomethylation
QEPERNEC(+57.02)FLQHKDDNPNLPR,25.43,2635.2197,-2,528.0502,44.97,1758,ALBU_HUMAN_UPS,Carbamidomethylation
QEPERNEC(+57.02)FLQHKDDNPNLPR,30.85,2635.2197,-0.3,528.0511,45,1760,ALBU_HUMAN_UPS,Carbamidomethylation
QEPERNEC(+57.02)FLQHKDDNPNLPR,51.48,2635.2197,-1.1,659.8115,45.02,1763,ALBU_HUMAN_UPS,Carbamidomethylation
QEPERNEC(+57.02)FLQHKDDNPNLPR,48.06,2635.2197,-0.2,879.4136,45.12,1769,ALBU_HUMAN_UPS,Carbamidomethylation
QEPERNEC(+57.02)FLQHKDDNPNLPR,54.83,2635.2197,-0.7,879.4133,45.15,1771,ALBU_HUMAN_UPS,Carbamidomethylation
QEPERNEC(+57.02)FLQHKDDNPNLPR,35.41,2635.2197,-1.1,528.0507,45.96,1800,ALBU_HUMAN_UPS,Carbamidomethylation
QEPERNEC(+57.02)FLQHKDDNPNLPR,23.11,2635.2197,-0.4,528.051,45.99,1802,ALBU_HUMAN_UPS,Carbamidomethylation
QEPERNEC(+57.02)FLQHKDDNPNLPR,41.09,2635.2197,-0.8,659.8117,46.06,1805,ALBU_HUMAN_UPS,Carbamidomethylation
QEPERNEC(+57.02)FLQHKDDNPNLPR,38.19,2635.2197,-0.4,659.812,46.08,1807,ALBU_HUMAN_UPS,Carbamidomethylation
FKDLGEENFK,37.97,1225.5979,-1.4,409.5393,46.1,1809,ALBU_HUMAN_UPS,
FKDLGEENFK,40.06,1225.5979,-0.1,409.5399,46.11,1811,ALBU_HUMAN_UPS,
QEPERNEC(+57.02)FLQHKDDNPNLPR,50.84,2635.2197,1.6,879.4152,46.68,1831,ALBU_HUMAN_UPS,Carbamidomethylation
QEPERNEC(+57.02)FLQHKDDNPNLPR,53.49,2635.2197,1.3,879.415,46.71,1833,ALBU_HUMAN_UPS,Carbamidomethylation
QEPERNEC(+57.02)FLQHKDDNPNLPR,22.82,2635.2197,-0.5,528.051,47.51,1865,ALBU_HUMAN_UPS,Carbamidomethylation
QEPERNEC(+57.02)FLQHKDDNPNLPR,22.25,2635.2197,-1.4,528.0505,47.54,1867,ALBU_HUMAN_UPS,Carbamidomethylation
QEPERNEC(+57.02)FLQHKDDNPNLPR,42.48,2635.2197,-1.7,659.8111,47.6,1870,ALBU_HUMAN_UPS,Carbamidomethylation
QEPERNEC(+57.02)FLQHKDDNPNLPR,37.02,2635.2197,-0.9,659.8116,47.63,1873,ALBU_HUMAN_UPS,Carbamidomethylation
FKDLGEENFK,41.13,1225.5979,-2.6,409.5388,47.64,1874,ALBU_HUMAN_UPS,
FKDLGEENFK,37.71,1225.5979,-1.9,409.5391,47.66,1876,ALBU_HUMAN_UPS,
NEC(+57.02)FLQHKDDNPNLPR,28.47,1995.9221,-0.7,499.9875,48.46,1902,ALBU_HUMAN_UPS,Carbamidomethylation
QEPERNEC(+57.02)FLQHKDDNPNLPR,28.17,2635.2197,-1.9,528.0502,49.06,1924,ALBU_HUMAN_UPS,Carbamidomethylation
QEPERNEC(+57.02)FLQHKDDNPNLPR,35.08,2635.2197,-1.9,528.0502,49.09,1926,ALBU_HUMAN_UPS,Carbamidomethylation
QEPERNEC(+57.02)FLQHKDDNPNLPR,43.85,2635.2197,0.4,659.8125,49.16,1929,ALBU_HUMAN_UPS,Carbamidomethylation
QEPERNEC(+57.02)FLQHKDDNPNLPR,39.14,2635.2197,5.9,879.419,49.19,1932,ALBU_HUMAN_UPS,Carbamidomethylation
QEPERNEC(+57.02)FLQHKDDNPNLPR,36.9,2635.2197,0.8,659.8127,49.19,1931,ALBU_HUMAN_UPS,Carbamidomethylation
FKDLGEENFK,43.34,1225.5979,1.2,409.5404,49.22,1934,ALBU_HUMAN_UPS,
FKDLGEENFK,40.06,1225.5979,-1.5,409.5393,49.28,1937,ALBU_HUMAN_UPS,
QEPERNEC(+57.02)FLQHKDDNPNLPR,27.76,2635.2197,-1.6,528.0504,50.63,1985,ALBU_HUMAN_UPS,Carbamidomethylation
QEPERNEC(+57.02)FLQHKDDNPNLPR,38.13,2635.2197,-0.7,659.8118,50.69,1989,ALBU_HUMAN_UPS,Carbamidomethylation
QEPERNEC(+57.02)FLQHKDDNPNLPR,23.27,2635.2197,-2.1,528.0501,50.69,1990,ALBU_HUMAN_UPS,Carbamidomethylation
QEPERNEC(+57.02)FLQHKDDNPNLPR,40.65,2635.2197,1.2,659.813,50.79,1995,ALBU_HUMAN_UPS,Carbamidomethylation
